Residence_ISO3,Residence,Participant Count,Average Hours,Average Streaming Hours,Average Narcissism Score,Average Participant Age,Average GAD Score,Average SWL Score,Average SPIN Score,alpha2,lat,lng,Participant Count Range,GAD Anxiety Score,SWL Score,SPIN Score
CYP,Cyprus,1,39.0,10.0,1.0,18.0,4.0,19.0,19.0,cy,35.126413,33.429859,0 - 99,0-4: Minimal Anxiety,15-19: Slightly Dissatisfied,0-20: No Social Phobia
FJI,Fiji,1,35.0,10.0,3.0,19.0,0.0,16.0,11.0,fj,-17.713371,178.065032,0 - 99,0-4: Minimal Anxiety,15-19: Slightly Dissatisfied,0-20: No Social Phobia
TUN,Tunisia,3,18.333333333333332,3.0,1.6666666666666667,22.666666666666668,3.6666666666666665,23.333333333333332,24.666666666666668,tn,33.886917,9.537499,0 - 99,0-4: Minimal Anxiety,21-25: Slightly Satisfied,21-30: Mild Social Phobia
KOR,South Korea,14,22.714285714285715,5.785714285714286,2.0714285714285716,22.142857142857142,4.0,20.714285714285715,16.0,kr,35.907757,127.766922,0 - 99,0-4: Minimal Anxiety,21-25: Slightly Satisfied,0-20: No Social Phobia
UKR,Ukraine,9,16.77777777777778,8.777777777777779,1.4444444444444444,21.77777777777778,3.7777777777777777,20.22222222222222,21.333333333333332,ua,48.379433,31.16558,0 - 99,0-4: Minimal Anxiety,21-25: Slightly Satisfied,21-30: Mild Social Phobia
CHN,China,6,27.166666666666668,10.666666666666666,1.5,25.666666666666668,3.1666666666666665,22.833333333333332,17.666666666666668,cn,35.86166,104.195397,0 - 99,0-4: Minimal Anxiety,21-25: Slightly Satisfied,0-20: No Social Phobia
LUX,Luxembourg,7,20.142857142857142,7.857142857142857,1.5714285714285714,21.571428571428573,3.142857142857143,21.0,18.142857142857142,lu,49.815273,6.129582999999999,0 - 99,0-4: Minimal Anxiety,21-25: Slightly Satisfied,0-20: No Social Phobia
GIB,Gibraltar ,1,14.0,30.0,1.0,23.0,1.0,30.0,1.0,gi,36.140751,-5.353585,0 - 99,0-4: Minimal Anxiety,26-30: Satisfied,0-20: No Social Phobia
GRD,Grenada,1,10.0,5.0,2.0,21.0,2.0,34.0,11.0,gd,12.1165,-61.67899999999999,0 - 99,0-4: Minimal Anxiety,31-35: Extremely satisfied,0-20: No Social Phobia
SLV,El Salvador,1,25.0,5.0,2.0,18.0,4.0,27.0,12.0,sv,13.794185,-88.89653,0 - 99,0-4: Minimal Anxiety,26-30: Satisfied,0-20: No Social Phobia
BLR,Belarus,1,20.0,12.0,5.0,19.0,1.0,29.0,7.0,by,53.709807,27.953389,0 - 99,0-4: Minimal Anxiety,26-30: Satisfied,0-20: No Social Phobia
TWN,Taiwan,2,31.0,6.5,2.0,21.5,4.0,11.0,37.5,tw,23.69781,120.960515,0 - 99,0-4: Minimal Anxiety,10-14: Dissatisfied,31-40: Moderate Social Phobia
DZA,Algeria,2,37.5,5.5,2.5,19.5,4.0,26.5,14.0,dz,28.033886,1.659626,0 - 99,0-4: Minimal Anxiety,26-30: Satisfied,0-20: No Social Phobia
BRN,Brunei,1,10.0,2.0,5.0,18.0,0.0,14.0,10.0,bn,4.535277,114.727669,0 - 99,0-4: Minimal Anxiety,10-14: Dissatisfied,0-20: No Social Phobia
LIE,Liechtenstein,1,15.0,11.0,2.0,18.0,2.0,28.0,11.0,li,47.166,9.555373,0 - 99,0-4: Minimal Anxiety,26-30: Satisfied,0-20: No Social Phobia
FRA,France,342,22.005847953216374,9.812865497076023,2.0584795321637426,21.23391812865497,4.912280701754386,19.792397660818715,19.42105263157895,fr,46.227638,2.213749,100 - 499,5-9: Mild Anxiety,20: Neutral,0-20: No Social Phobia
ECU,Ecuador,4,22.0,5.75,2.0,20.75,4.25,19.75,25.75,ec,-1.831239,-78.18340599999999,0 - 99,5-9: Mild Anxiety,20: Neutral,21-30: Mild Social Phobia
DEU,Germany,1231,21.768480909829407,11.51421608448416,2.1226645004061737,20.831031681559708,4.986190089358245,19.896019496344437,19.115353371242893,de,51.165691,10.451526,1000 - 1999,5-9: Mild Anxiety,20: Neutral,0-20: No Social Phobia
NOR,Norway,162,25.006172839506174,10.512345679012345,2.0123456790123457,20.61111111111111,4.574074074074074,19.185185185185187,19.04320987654321,no,60.47202399999999,8.468945999999999,100 - 499,5-9: Mild Anxiety,20: Neutral,0-20: No Social Phobia
PRI,Puerto Rico,12,19.083333333333332,18.0,1.9166666666666667,21.083333333333332,5.0,19.333333333333332,22.666666666666668,pr,18.220833,-66.590149,0 - 99,5-9: Mild Anxiety,20: Neutral,21-30: Mild Social Phobia
FIN,Finland,148,24.83108108108108,9.52027027027027,1.7837837837837838,20.89189189189189,5.114864864864865,19.68243243243243,18.945945945945947,fi,61.92410999999999,25.748151,100 - 499,5-9: Mild Anxiety,20: Neutral,0-20: No Social Phobia
THA,Thailand,5,16.6,6.8,2.2,19.6,4.6,20.0,18.6,th,15.870032,100.992541,0 - 99,5-9: Mild Anxiety,20: Neutral,0-20: No Social Phobia
NLD,Netherlands,447,20.2662192393736,10.32662192393736,1.9507829977628635,20.88814317673378,4.807606263982103,20.366890380313198,17.774049217002236,nl,52.132633,5.291265999999999,100 - 499,5-9: Mild Anxiety,21-25: Slightly Satisfied,0-20: No Social Phobia
EST,Estonia,30,23.933333333333334,5.866666666666666,2.066666666666667,20.566666666666666,5.8,19.5,19.633333333333333,ee,58.595272,25.013607,0 - 99,5-9: Mild Anxiety,20: Neutral,0-20: No Social Phobia
ARG,Argentina,92,24.41304347826087,11.630434782608695,1.9673913043478262,20.804347826086957,4.782608695652174,19.195652173913043,18.282608695652176,ar,-38.416097,-63.61667199999999,0 - 99,5-9: Mild Anxiety,20: Neutral,0-20: No Social Phobia
ESP,Spain,182,20.86813186813187,10.56043956043956,2.065934065934066,21.291208791208792,5.467032967032967,19.434065934065934,18.087912087912088,es,40.46366700000001,-3.74922,100 - 499,5-9: Mild Anxiety,20: Neutral,0-20: No Social Phobia
SWE,Sweden,310,22.72258064516129,11.567741935483872,2.003225806451613,21.18709677419355,4.7290322580645165,19.15806451612903,18.083870967741934,se,60.12816100000001,18.643501,100 - 499,5-9: Mild Anxiety,20: Neutral,0-20: No Social Phobia
PER,Peru,16,17.8125,7.9375,2.8125,19.8125,8.1875,19.6875,28.5,pe,-9.189967,-75.015152,0 - 99,5-9: Mild Anxiety,20: Neutral,21-30: Mild Social Phobia
PAN,Panama,4,19.25,11.0,1.75,21.75,6.75,19.25,14.25,pa,8.537981,-80.782127,0 - 99,5-9: Mild Anxiety,20: Neutral,0-20: No Social Phobia
JAM,Jamaica,1,13.0,24.0,1.0,20.0,9.0,20.0,35.0,jm,18.109581,-77.297508,0 - 99,5-9: Mild Anxiety,20: Neutral,31-40: Moderate Social Phobia
GTM,Guatemala,3,7.333333333333333,9.333333333333334,1.6666666666666667,22.0,5.333333333333333,19.333333333333332,23.666666666666668,gt,15.783471,-90.23075899999999,0 - 99,5-9: Mild Anxiety,20: Neutral,21-30: Mild Social Phobia
NZL,New Zealand ,55,18.654545454545456,9.909090909090908,2.090909090909091,20.272727272727273,4.745454545454545,19.472727272727273,20.581818181818182,nz,-40.900557,174.885971,0 - 99,5-9: Mild Anxiety,20: Neutral,21-30: Mild Social Phobia
CAN,Canada,864,20.73148148148148,10.413194444444445,1.9837962962962963,20.97685185185185,5.466435185185185,19.59027777777778,20.855324074074073,ca,56.130366,-106.346771,500 - 999,5-9: Mild Anxiety,20: Neutral,21-30: Mild Social Phobia
VCT,St Vincent,1,15.0,4.0,1.0,19.0,5.0,26.0,28.0,vc,12.984305,-61.287228,0 - 99,5-9: Mild Anxiety,26-30: Satisfied,21-30: Mild Social Phobia
KAZ,Kazakhstan,1,24.0,50.0,5.0,18.0,9.0,25.0,35.0,kz,48.019573,66.923684,0 - 99,5-9: Mild Anxiety,21-25: Slightly Satisfied,31-40: Moderate Social Phobia
IND,India,15,21.666666666666668,10.466666666666667,2.533333333333333,19.933333333333334,7.666666666666667,22.6,27.4,in,20.593684,78.96288,0 - 99,5-9: Mild Anxiety,21-25: Slightly Satisfied,21-30: Mild Social Phobia
USA,USA,4018,20.341463414634145,10.507217521154804,1.9950223992035838,21.081134892981584,5.547287207565954,20.1363862618218,20.137381781981084,us,37.09024,-95.712891,2000+,5-9: Mild Anxiety,21-25: Slightly Satisfied,21-30: Mild Social Phobia
CHL,Chile,60,24.066666666666666,13.233333333333333,2.05,20.766666666666666,5.083333333333333,21.3,19.816666666666666,cl,-35.675147,-71.542969,0 - 99,5-9: Mild Anxiety,21-25: Slightly Satisfied,0-20: No Social Phobia
CHE,Switzerland,85,20.376470588235293,9.729411764705882,2.164705882352941,19.75294117647059,5.094117647058823,21.823529411764707,19.741176470588236,ch,46.818188,8.227511999999999,0 - 99,5-9: Mild Anxiety,21-25: Slightly Satisfied,0-20: No Social Phobia
CRI,Costa Rica,8,19.875,13.875,2.375,19.875,4.75,23.625,19.125,cr,9.748916999999999,-83.753428,0 - 99,5-9: Mild Anxiety,21-25: Slightly Satisfied,0-20: No Social Phobia
AUT,Austria,129,22.372093023255815,11.7984496124031,2.0852713178294575,20.96124031007752,4.333333333333333,21.364341085271317,18.705426356589147,at,47.516231,14.550072,100 - 499,5-9: Mild Anxiety,21-25: Slightly Satisfied,0-20: No Social Phobia
IRL,Ireland,58,19.913793103448278,10.448275862068966,2.0,22.0,4.189655172413793,20.70689655172414,18.53448275862069,ie,53.1423672,-7.692053599999999,0 - 99,5-9: Mild Anxiety,21-25: Slightly Satisfied,0-20: No Social Phobia
DNK,Denmark,211,21.488151658767773,10.14218009478673,1.995260663507109,20.601895734597157,4.42654028436019,21.33175355450237,16.976303317535546,dk,56.26392,9.501785,100 - 499,5-9: Mild Anxiety,21-25: Slightly Satisfied,0-20: No Social Phobia
TTO,Trinidad & Tobago,7,24.285714285714285,18.428571428571427,2.2857142857142856,20.0,4.714285714285714,19.857142857142858,25.857142857142858,tt,10.691803,-61.222503,0 - 99,5-9: Mild Anxiety,20: Neutral,21-30: Mild Social Phobia
MKD,Macedonia,5,15.4,10.2,1.2,21.4,5.0,22.2,17.6,mk,41.608635,21.745275,0 - 99,5-9: Mild Anxiety,21-25: Slightly Satisfied,0-20: No Social Phobia
ISL,Iceland,14,24.5,12.071428571428571,2.0,22.642857142857142,4.857142857142857,20.928571428571427,15.0,is,64.963051,-19.020835,0 - 99,5-9: Mild Anxiety,21-25: Slightly Satisfied,0-20: No Social Phobia
DOM,Dominican Republic,7,20.714285714285715,11.428571428571429,2.5714285714285716,19.428571428571427,6.0,23.428571428571427,14.714285714285714,do,18.735693,-70.162651,0 - 99,5-9: Mild Anxiety,21-25: Slightly Satisfied,0-20: No Social Phobia
GEO,Georgia,3,24.0,5.666666666666667,1.3333333333333333,19.0,4.666666666666667,22.0,7.333333333333333,ge,42.315407,43.35689199999999,0 - 99,5-9: Mild Anxiety,21-25: Slightly Satisfied,0-20: No Social Phobia
MAR,Morocco,12,20.25,8.333333333333334,1.9166666666666667,21.416666666666668,4.916666666666667,19.833333333333332,21.5,ma,31.791702,-7.092619999999999,0 - 99,5-9: Mild Anxiety,20: Neutral,21-30: Mild Social Phobia
ISR,Israel,23,16.869565217391305,6.434782608695652,1.608695652173913,19.782608695652176,6.043478260869565,20.043478260869566,20.91304347826087,il,31.046051,34.851612,0 - 99,5-9: Mild Anxiety,21-25: Slightly Satisfied,21-30: Mild Social Phobia
BOL,Bolivia,1,7.0,6.0,4.0,29.0,7.0,24.0,46.0,bo,-16.290154,-63.58865299999999,0 - 99,5-9: Mild Anxiety,21-25: Slightly Satisfied,41-50: Severe Social Phobia
BGD,Bangladesh,1,20.0,4.0,3.0,18.0,6.0,22.0,26.0,bd,23.684994,90.356331,0 - 99,5-9: Mild Anxiety,21-25: Slightly Satisfied,21-30: Mild Social Phobia
MEX,Mexico,72,18.375,10.555555555555555,2.1666666666666665,21.833333333333332,5.222222222222222,22.625,15.319444444444445,mx,23.634501,-102.552784,0 - 99,5-9: Mild Anxiety,21-25: Slightly Satisfied,0-20: No Social Phobia
GLP,Guadeloupe,1,35.0,20.0,4.0,21.0,9.0,8.0,9.0,gp,16.265,-61.55099999999999,0 - 99,5-9: Mild Anxiety,5-9: Extremely Dissatisfied,0-20: No Social Phobia
BEL,Belgium,167,21.02994011976048,10.305389221556887,2.0419161676646707,21.520958083832337,5.520958083832335,19.526946107784433,21.67065868263473,be,50.503887,4.469936,100 - 499,5-9: Mild Anxiety,20: Neutral,21-30: Mild Social Phobia
BRA,Brazil,224,23.325892857142858,11.361607142857142,2.142857142857143,20.763392857142858,6.084821428571429,19.09375,23.200892857142858,br,-14.235004,-51.92528,100 - 499,5-9: Mild Anxiety,20: Neutral,21-30: Mild Social Phobia
LTU,Lithuania,34,23.705882352941178,8.117647058823529,2.0,20.823529411764707,5.588235294117647,16.529411764705884,20.470588235294116,lt,55.169438,23.881275,0 - 99,5-9: Mild Anxiety,15-19: Slightly Dissatisfied,21-30: Mild Social Phobia
URY,Uruguay,11,24.454545454545453,14.181818181818182,2.272727272727273,20.454545454545453,8.545454545454545,17.727272727272727,20.90909090909091,uy,-32.522779,-55.765835,0 - 99,5-9: Mild Anxiety,15-19: Slightly Dissatisfied,21-30: Mild Social Phobia
GRC,Greece,87,21.17241379310345,9.74712643678161,2.2298850574712645,21.563218390804597,5.666666666666667,18.333333333333332,20.229885057471265,gr,39.074208,21.824312,0 - 99,5-9: Mild Anxiety,15-19: Slightly Dissatisfied,21-30: Mild Social Phobia
HND,Honduras,3,13.666666666666666,7.666666666666667,2.3333333333333335,21.333333333333332,6.0,19.0,23.666666666666668,hn,15.199999,-86.241905,0 - 99,5-9: Mild Anxiety,15-19: Slightly Dissatisfied,21-30: Mild Social Phobia
SVN,Slovenia,61,21.75409836065574,10.59016393442623,2.0327868852459017,20.262295081967213,5.80327868852459,18.16393442622951,24.57377049180328,si,46.151241,14.995463,0 - 99,5-9: Mild Anxiety,15-19: Slightly Dissatisfied,21-30: Mild Social Phobia
RUS,Russia,33,23.21212121212121,10.030303030303031,2.3333333333333335,21.575757575757574,5.787878787878788,18.818181818181817,21.181818181818183,ru,61.52401,105.318756,0 - 99,5-9: Mild Anxiety,15-19: Slightly Dissatisfied,21-30: Mild Social Phobia
ITA,Italy,109,22.825688073394495,10.73394495412844,2.220183486238532,21.110091743119266,6.275229357798165,16.642201834862384,21.3302752293578,it,41.87194,12.56738,100 - 499,5-9: Mild Anxiety,15-19: Slightly Dissatisfied,21-30: Mild Social Phobia
TUR,Turkey,42,22.333333333333332,9.333333333333334,2.5476190476190474,20.642857142857142,6.904761904761905,17.595238095238095,19.357142857142858,tr,38.963745,35.243322,0 - 99,5-9: Mild Anxiety,15-19: Slightly Dissatisfied,0-20: No Social Phobia
PRT,Portugal,193,20.45077720207254,10.917098445595855,1.922279792746114,20.699481865284973,5.66321243523316,18.3419689119171,23.476683937823836,pt,39.39987199999999,-8.224454,100 - 499,5-9: Mild Anxiety,15-19: Slightly Dissatisfied,21-30: Mild Social Phobia
HRV,Croatia,63,24.349206349206348,9.65079365079365,2.2857142857142856,19.841269841269842,6.492063492063492,19.317460317460316,22.349206349206348,hr,45.1,15.2,0 - 99,5-9: Mild Anxiety,20: Neutral,21-30: Mild Social Phobia
AUS,Australia,192,25.416666666666668,9.828125,1.9375,20.588541666666668,5.755208333333333,18.619791666666668,21.588541666666668,au,-25.274398,133.775136,100 - 499,5-9: Mild Anxiety,15-19: Slightly Dissatisfied,21-30: Mild Social Phobia
ZAF,South Africa,22,21.181818181818183,9.863636363636363,1.8181818181818181,21.363636363636363,5.636363636363637,18.545454545454547,18.227272727272727,za,-30.559482,22.937506,0 - 99,5-9: Mild Anxiety,15-19: Slightly Dissatisfied,0-20: No Social Phobia
POL,Poland,217,21.953917050691246,10.589861751152073,2.193548387096774,21.13364055299539,5.986175115207374,17.714285714285715,21.820276497695854,pl,51.919438,19.145136,100 - 499,5-9: Mild Anxiety,15-19: Slightly Dissatisfied,21-30: Mild Social Phobia
VEN,Venezuela,28,25.214285714285715,8.107142857142858,2.0,20.642857142857142,5.857142857142857,18.321428571428573,18.857142857142858,ve,6.42375,-66.58973,0 - 99,5-9: Mild Anxiety,15-19: Slightly Dissatisfied,0-20: No Social Phobia
LVA,Latvia,27,24.40740740740741,9.814814814814815,2.3703703703703702,21.11111111111111,6.518518518518518,17.85185185185185,18.51851851851852,lv,56.879635,24.603189,0 - 99,5-9: Mild Anxiety,15-19: Slightly Dissatisfied,0-20: No Social Phobia
BGR,Bulgaria,45,18.155555555555555,11.066666666666666,2.066666666666667,20.755555555555556,6.288888888888889,16.355555555555554,21.77777777777778,bg,42.733883,25.48583,0 - 99,5-9: Mild Anxiety,15-19: Slightly Dissatisfied,21-30: Mild Social Phobia
HKG,Hong Kong,9,24.0,6.0,2.4444444444444446,19.555555555555557,4.444444444444445,18.88888888888889,18.666666666666668,hk,22.3193039,114.1693611,0 - 99,5-9: Mild Anxiety,15-19: Slightly Dissatisfied,0-20: No Social Phobia
SAU,Saudi Arabia,7,19.857142857142858,7.857142857142857,1.4285714285714286,21.285714285714285,7.285714285714286,17.0,23.142857142857142,sa,23.885942,45.079162,0 - 99,5-9: Mild Anxiety,15-19: Slightly Dissatisfied,21-30: Mild Social Phobia
BLZ,Belize,2,21.0,1.5,1.5,18.0,8.5,12.0,30.5,bz,17.189877,-88.49765,0 - 99,5-9: Mild Anxiety,10-14: Dissatisfied,31-40: Moderate Social Phobia
NIC,Nicaragua,1,2.0,2.0,3.0,23.0,6.0,11.0,44.0,ni,12.865416,-85.207229,0 - 99,5-9: Mild Anxiety,10-14: Dissatisfied,41-50: Severe Social Phobia
MLT,Malta,5,23.6,19.8,2.6,20.0,5.4,17.8,21.8,mt,35.937496,14.375416,0 - 99,5-9: Mild Anxiety,15-19: Slightly Dissatisfied,21-30: Mild Social Phobia
VNM,Vietnam,11,18.636363636363637,4.181818181818182,2.272727272727273,22.09090909090909,4.545454545454546,14.090909090909092,20.727272727272727,vn,14.058324,108.277199,0 - 99,5-9: Mild Anxiety,15-19: Slightly Dissatisfied,21-30: Mild Social Phobia
HUN,Hungary,54,20.055555555555557,9.481481481481481,1.9814814814814814,20.64814814814815,5.314814814814815,18.0,21.85185185185185,hu,47.162494,19.503304,0 - 99,5-9: Mild Anxiety,15-19: Slightly Dissatisfied,21-30: Mild Social Phobia
SYR,Syria,2,25.0,1.5,1.5,19.0,8.5,17.0,17.0,sy,34.80207499999999,38.996815,0 - 99,5-9: Mild Anxiety,15-19: Slightly Dissatisfied,0-20: No Social Phobia
ARE,UAE,10,19.3,15.7,1.7,21.1,6.6,19.1,21.9,ae,23.424076,53.847818,0 - 99,5-9: Mild Anxiety,20: Neutral,21-30: Mild Social Phobia
COL,Colombia,21,22.904761904761905,7.095238095238095,2.380952380952381,21.38095238095238,5.476190476190476,19.666666666666668,21.571428571428573,co,4.570868,-74.297333,0 - 99,5-9: Mild Anxiety,20: Neutral,21-30: Mild Social Phobia
MNG,Mongolia,2,19.0,6.0,3.0,20.0,6.0,15.0,29.5,mn,46.862496,103.846656,0 - 99,5-9: Mild Anxiety,15-19: Slightly Dissatisfied,21-30: Mild Social Phobia
SVK,Slovakia,21,22.095238095238095,14.714285714285714,2.4761904761904763,20.285714285714285,5.666666666666667,16.666666666666668,27.428571428571427,sk,48.669026,19.699024,0 - 99,5-9: Mild Anxiety,15-19: Slightly Dissatisfied,21-30: Mild Social Phobia
MNE,Montenegro,2,10.5,18.5,2.5,20.0,9.0,17.0,27.5,me,42.708678,19.37439,0 - 99,5-9: Mild Anxiety,15-19: Slightly Dissatisfied,21-30: Mild Social Phobia
JPN,Japan,7,24.0,13.0,2.5714285714285716,28.714285714285715,4.428571428571429,18.571428571428573,17.571428571428573,jp,36.204824,138.252924,0 - 99,5-9: Mild Anxiety,15-19: Slightly Dissatisfied,0-20: No Social Phobia
BHR,Bahrain,2,19.5,5.5,2.5,22.5,5.5,17.5,17.5,bh,26.0667,50.5577,0 - 99,5-9: Mild Anxiety,15-19: Slightly Dissatisfied,0-20: No Social Phobia
BIH,Bosnia and Herzegovina,15,24.533333333333335,11.8,1.9333333333333333,21.266666666666666,5.2,15.8,17.466666666666665,ba,43.915886,17.679076,0 - 99,5-9: Mild Anxiety,15-19: Slightly Dissatisfied,0-20: No Social Phobia
FRO,Faroe Islands,4,32.25,8.5,1.75,20.0,5.25,14.75,36.0,fo,61.89263500000001,-6.911805999999999,0 - 99,5-9: Mild Anxiety,15-19: Slightly Dissatisfied,31-40: Moderate Social Phobia
PHL,Philippines,20,28.0,10.25,2.2,21.75,8.0,17.15,28.3,ph,12.879721,121.774017,0 - 99,5-9: Mild Anxiety,15-19: Slightly Dissatisfied,21-30: Mild Social Phobia
NAM,Namibia,1,20.0,5.0,2.0,18.0,6.0,35.0,0.0,na,-22.95764,18.49041,0 - 99,5-9: Mild Anxiety,31-35: Extremely satisfied,0-20: No Social Phobia
ROU,Romania,77,23.454545454545453,10.35064935064935,2.272727272727273,20.805194805194805,5.883116883116883,18.31168831168831,20.77922077922078,ro,45.943161,24.96676,0 - 99,5-9: Mild Anxiety,15-19: Slightly Dissatisfied,21-30: Mild Social Phobia
KWT,Kuwait,3,19.666666666666668,13.333333333333334,2.3333333333333335,21.333333333333332,7.0,14.333333333333334,30.0,kw,29.31166,47.481766,0 - 99,5-9: Mild Anxiety,15-19: Slightly Dissatisfied,21-30: Mild Social Phobia
JOR,Jordan,4,17.75,4.75,2.0,20.25,5.25,19.0,15.0,jo,30.585164,36.238414,0 - 99,5-9: Mild Anxiety,15-19: Slightly Dissatisfied,0-20: No Social Phobia
GBR,UK,877,23.891676168757126,10.974914481185861,2.034207525655644,20.38654503990878,6.212086659064994,18.619156214367163,22.296465222348917,gb,55.378051,-3.435973,500 - 999,5-9: Mild Anxiety,15-19: Slightly Dissatisfied,21-30: Mild Social Phobia
SGP,Singapore,31,16.29032258064516,5.483870967741935,2.161290322580645,19.516129032258064,4.774193548387097,18.419354838709676,30.419354838709676,sg,1.352083,103.819836,0 - 99,5-9: Mild Anxiety,15-19: Slightly Dissatisfied,31-40: Moderate Social Phobia
SRB,Serbia,48,27.041666666666668,10.041666666666666,2.125,20.8125,4.916666666666667,17.833333333333332,13.125,rs,44.016521,21.005859,0 - 99,5-9: Mild Anxiety,15-19: Slightly Dissatisfied,0-20: No Social Phobia
PAK,Pakistan,4,12.25,4.25,1.5,20.25,4.5,17.75,22.5,pk,30.375321,69.34511599999999,0 - 99,5-9: Mild Anxiety,15-19: Slightly Dissatisfied,21-30: Mild Social Phobia
ALB,Albania,5,20.2,8.4,2.4,21.0,5.4,16.0,10.0,al,41.153332,20.168331,0 - 99,5-9: Mild Anxiety,15-19: Slightly Dissatisfied,0-20: No Social Phobia
MYS,Malaysia,25,18.32,9.48,2.44,20.96,5.12,16.44,22.64,my,4.210484,101.975766,0 - 99,5-9: Mild Anxiety,15-19: Slightly Dissatisfied,21-30: Mild Social Phobia
CZE,Czech Republic,63,22.238095238095237,11.396825396825397,2.126984126984127,20.428571428571427,5.888888888888889,18.49206349206349,22.095238095238095,cz,49.81749199999999,15.472962,0 - 99,5-9: Mild Anxiety,15-19: Slightly Dissatisfied,21-30: Mild Social Phobia
LBN,Lebanon,5,22.8,5.6,1.8,19.4,9.4,21.8,20.4,lb,33.854721,35.862285,0 - 99,10-14: Moderate Anxiety,21-25: Slightly Satisfied,21-30: Mild Social Phobia
EGY,Egypt,5,32.8,4.2,1.8,21.4,12.6,11.8,33.0,eg,26.820553,30.802498,0 - 99,10-14: Moderate Anxiety,10-14: Dissatisfied,31-40: Moderate Social Phobia
PSE,Palestine,1,7.0,5.0,1.0,18.0,11.0,11.0,10.0,ps,31.952162,35.233154,0 - 99,10-14: Moderate Anxiety,10-14: Dissatisfied,0-20: No Social Phobia
IDN,Indonesia,1,25.0,10.0,2.0,24.0,14.0,9.0,26.0,id,-0.789275,113.921327,0 - 99,10-14: Moderate Anxiety,5-9: Extremely Dissatisfied,21-30: Mild Social Phobia
MDA,Moldova,1,21.0,20.0,4.0,18.0,10.0,19.0,22.0,md,47.411631,28.369885,0 - 99,10-14: Moderate Anxiety,15-19: Slightly Dissatisfied,21-30: Mild Social Phobia
QAT,Qatar,3,24.666666666666668,5.0,1.3333333333333333,19.333333333333332,16.333333333333332,21.666666666666668,30.0,qa,25.354826,51.183884,0 - 99,15-21: Severe Anxiety,21-25: Slightly Satisfied,21-30: Mild Social Phobia
